ratio,lsj_sampledflatpgm256,inlj_pgm256,inlj_btree256,sort_join,hash_join
1,98.48979333899999,155.472266504,220.221971777,55.9677869345,398.25116147
10,14.182511825,19.432855117,24.477424749,16.777125331,208.08706775299999
100,3.508347347,4.422833513,4.772313578,11.46132863,165.030207546
1000,1.2641215479999999,1.274828769,1.214798829,11.305378901000001,105.147476434
