ratio,lsj_sampledflatpgm256,lsj_btree256,sort_join
1,96.600673206,184.957759914,53.751722629
10,13.930936432,23.35421478,16.407635007
100,3.154067643,5.125335916,11.650786204
1000,1.524697642,1.646575672,10.868660501
