ratio,lsj_sampledflatpgm256,inlj_pgm256,inlj_btree256,sort_join,hash_join
1,25.192763067999998,39.427941281,53.067201834,14.228368833000001,92.803385993
10,3.781289169,4.912952228,6.178218379,4.4343593509999994,49.446850036
100,0.9533064634999999,1.084884217,1.664028353,3.063566091,37.227180971
1000,0.36607852949999997,0.352089602,0.259720852,3.175407145,14.757411439
