ratio,lsj_sampledflatpgm256,inlj_btree256,lsj_btree256,sort_join
1,94.210896141,252.743479745,182.3840471795,52.298383866
10,13.5304047025,28.005713397999997,23.225643781,16.2665777205
100,3.572062203,5.455804859,4.895262683,11.640339851
1000,1.064126756,1.513286584,1.369308248,10.742648877499999
