ratio,lsj_sampledflatpgm256,inlj_pgm256,inlj_btree256,sort_join,hash_join
1,99.05775629600001,166.162270745,220.285747863,56.429840478,394.417244002
10,14.219180179,21.143847989,25.399284576,16.113449223,212.340017873
100,3.9033256764999997,4.587406039,5.232424091,11.337439931,171.108191167
1000,1.3770194585,1.057886758,1.203590056,10.883482718,116.305040572
