ratio,lsj_sampledflatpgm256,inlj_pgm256,inlj_btree256,sort_join,hash_join
1,11.3098564485,15.039790612,23.540609841,6.010997118000001,37.334655071
10,3.1412828725,3.50550032,5.059675839,2.7523582385000003,22.695846609
100,0.635128483,1.013104537,0.875864194,1.4160576594999998,16.403791169
1000,0.239185466,0.223985215,0.222479731,1.238464435,6.730157912
