ratio,hash_join,inlj_btree256,inlj_pgm256,lsj_btree256,lsj_flatpgm256,sort_join
1,91.995295271,52.255047648,25.001485173,47.124268397,26.093485886,16.466502497
10,50.385091061,6.466811684,3.425246203,6.497088485,3.862628094,4.696146898
100,37.44909241,1.223724685,1.029831227,1.187740752,0.799342038,2.935964773
1000,14.51317081,0.25867938,0.294243276,0.247661449,0.259094979,2.729531621
