ratio,hash_join,inlj_btree256,inlj_pgm256,lsj_btree256,lsj_flatpgm256,sort_join
1,398.25116147,220.221971777,155.472266504,196.788203126,104.705014363,65.104509483
10,208.08706775299999,24.477424749,19.432855117,24.28078411,15.159822246,17.822567125
100,165.030207546,4.772313578,4.422833513,5.06724989,3.714431501,11.729988824
1000,105.147476434,1.214798829,1.274828769,1.0647938125,1.214564176,11.361769461
