ratio,hash_join,inlj_btree256,inlj_pgm256,lsj_btree256,lsj_flatpgm256,sort_join
1,91.594071408,54.251634401,33.305640542,48.218087691,24.873390091,17.354601643
10,50.659645548,6.138937146,4.297023206,6.553459792,4.182600122,4.595661398
100,39.186770824,1.189923112,1.006115529,1.191111882,1.075443634,2.879593392
1000,15.736141523,0.239541012,0.258540448,0.303618833,0.306435145,2.703660454
