ratio,hash_join,inlj_btree256,inlj_pgm256,lsj_btree256,lsj_flatpgm256,sort_join
1,94.056723128,54.062094736,29.698940816,47.962588159,26.738347761,16.558630276
10,47.26524458,6.727577994,3.945524036,5.999718741,3.541299854,5.026393228
100,37.498558289,1.192461171,0.938082648,1.193658638,1.072241547,2.894746928
1000,14.713410332,0.243950379,0.312992203,0.305124984,0.305723815,2.6951981
