ratio,hash_join,inlj_btree256,inlj_pgm256,lsj_btree256,lsj_flatpgm256,sort_join
1,394.417244002,220.285747863,166.162270745,200.46325093,103.676759084,65.136807378
10,212.340017873,25.399284576,21.143847989,24.945801931,14.577315778,16.733143334
100,171.108191167,5.232424091,4.587406039,5.169243277,3.353662063,11.268315786
1000,116.305040572,1.203590056,1.057886758,0.917965663,0.98785793,10.997141511
