ratio,hash_join,inlj_btree256,lsj_btree256,lsj_flatpgm256,sort_join
1,36.379383472,52.539736351,52.595917199,11.851184744,6.903734632
10,35.512151762,9.847776363,9.951253862,2.415511056,2.184779793
100,21.26718339,1.311292539,1.317681033,0.519716837,1.134266199
1000,10.063567333,0.23652147,0.234676635,0.169845798,1.003297288
