ratio,hash_join,inlj_btree256,inlj_pgm256,lsj_btree256,lsj_flatpgm256,sort_join
1,91.047513638,52.301701517,36.662256029,48.577114989,26.616213302,17.22276827
10,49.506231184,5.985691723,4.70163968,6.052253741,3.820222812,4.800494892
100,38.401967316,1.207014047,1.012684489,1.198434205,1.12300951,3.490063369
1000,14.258768248,0.252391079,0.272612923,0.254786851,0.322005224,2.7318983
