ratio,hash_join,inlj_btree256,inlj_pgm256,lsj_btree256,lsj_flatpgm256,sort_join
1,37.334655071,23.540609841,15.039790612,20.846256307,11.690899633,6.96919316
10,22.695846609,5.059675839,3.50550032,4.941910943,3.507018031,2.795610823
100,16.403791169,0.875864194,1.013104537,0.882262023,0.615756778,1.422260544
1000,6.730157912,0.222479731,0.223985215,0.222210225,0.216568069,1.24527984
